Adults,Toys
Adults > Home,Homeware
Baby,Kids
Baby > Disney Baby,Kids
Carnival,Toys
Characters,Toys
Characters > 101 Dalmatians > 101 Dalmatians,Home Entertainment
Characters > Disney Animation och Disney Pixar,Toys
Characters > Disney Infinity,Toys
Characters > Disney Infinity > Disney Infinity 3.0,Toys
Characters > Disney Infinity > Infinity 3.0,Toys
Characters > Disney Princess > Snow White and the Seven Dwarfs > Dwarfs,Homeware
Characters > Disney Princess > Tangled (Rapunzel),Accessories
Characters > Disney Villains,Home Entertainment
Characters > Dumbo > Dumbo,Accessories
Characters > Finding Nemo > Dory,Accessories
Characters > Frozen > Elsa,Accessories
Characters > Frozen > Olaf,Homeware
Characters > Mary Poppins,Toys
Characters > Mickey Mouse & Friends > Donald Duck,Accessories
Characters > Mickey Mouse & Friends > Mickey Mouse,Accessories
Characters > Mickey Mouse & Friends > Minnie Mouse,Accessories
Characters > Soy Luna,Accessories
Characters > The Nightmare Before Christmas,Toys
Characters > Toy Story > Buzz Lightyear,Toys
Departments,Homeware
Departments > Clothing,Kids
Departments > Clothing > Coats & Jackets,Coats & Jackets
Departments > Clothing > Dresses & Skirts,Girls
Departments > Clothing > Nightwear > Nightdresses,Girls
Departments > Clothing > Nightwear > Pyjamas,Nightwear
Departments > Clothing > Nightwear > Robes,Nightwear
Departments > Clothing > Nightwear > Slippers,Nightwear
Departments > Clothing > Outfits & Sets,Outfits & Sets
Departments > Clothing > Swimwear,Swimwear
Departments > Clothing > Tops,Tops
Departments > Clothing > Trousers & Shorts,Trousers & Shorts
Departments > Collections > Arribas Bros,Girls
Departments > Collections > Tsum Tsum,Toys
Departments > Disney Baby > Baby Accessories,Baby
Departments > Disney Baby > Baby Clothing,Baby
Departments > Disney Baby > Baby Costumes,Baby
Departments > Disney Baby > Baby Gifts,Baby
Departments > Disney Baby > Baby Shoes,Baby
Departments > Disney Baby > Baby Toys,Baby
Departments > Electronics > Electronic Accessories,Accessories
Departments > Fancy Dress,Girls
Departments > Fancy Dress > Costume Accessories,Accessories
Departments > Fancy Dress > Costumes,Costumes
Departments > Fancy Dress > Costume Shoes,Costume Shoes
Departments > Home Entertainment,Home Entertainment
Departments > Home Entertainment > Books,Home Entertainment
Departments > Home Entertainment > Gaming,Toys
Departments > Home Entertainment > Movies,Home Entertainment
Departments > Home Entertainment > Movies > Blu-ray 3D,Home Entertainment
Departments > Home Entertainment > Movies > Blu-rays,Home Entertainment
Departments > Home Entertainment > Movies > DVDs,Home Entertainment
Departments > Homeware,Homeware
Departments > Homeware > Bathroom > Toothbrushes,Homeware
Departments > Homeware > Bathroom > Towels,Homeware
Departments > Homeware > Bedroom,Homeware
Departments > Homeware > Bedroom > Beanbags & Rugs,Homeware
Departments > Homeware > Bedroom > Clocks,Homeware
Departments > Homeware > Bedroom > Mirrors,Homeware
Departments > Homeware > Christmas > Christmas Decorations,Homeware
Departments > Homeware > Dinnerware,Homeware
Departments > Homeware > Drinkware,Homeware
Departments > Homeware > Drinkware > Flasks,Homeware
Departments > Homeware > Drinkware > Kids Cups & Tumblers,Homeware
Departments > Homeware > Drinkware > Mugs,Homeware
Departments > Homeware > Gift Wrap > Gift Boxes & Shoppers,Accessories
Departments > Homeware > Home Accessories > Cushions,Homeware
Departments > Homeware > Home Accessories > Photo Frames,Homeware
Departments > Homeware > Kitchen Essentials,Homeware
Departments > Shoes & Accessories,Accessories
Departments > Shoes & Accessories > Backpacks & Lunch Bags,Accessories
Departments > Shoes & Accessories > Bags & Handbags,Accessories
Departments > Shoes & Accessories > Hats & Caps,Accessories
Departments > Shoes & Accessories > Jewellery,Accessories
Departments > Shoes & Accessories > Luggage,Accessories
Departments > Shoes & Accessories > Shoes,Shoes
Departments > Shoes & Accessories > Wallets & purses,Accessories
Departments > Stationery,Accessories
Departments > Stationery > Colouring & Creativity,Accessories
Departments > Stationery > Notebooks & Folders,Accessories
Departments > Stationery > Pencil Cases & Sets,Accessories
Departments > Toys,Toys
Departments > Toys > Action Figures,Toys
Departments > Toys > Die-Cast,Toys
Departments > Toys > Disney Dolls & Soft Toy Dolls,Toys
Departments > Toys > Disney Dolls & Soft Toy Dolls > Classic Dolls,Toys
Departments > Toys > Games & Puzzles,Toys
Departments > Toys > LEGO,Toys
Departments > Toys > Musical & Interactive,Toys
Departments > Toys > Outdoor Toys,Toys
Departments > Toys > Play Sets,Toys
Departments > Toys > Pocket Money,Toys
Departments > Toys > Pretend Play,Toys
Departments > Toys > Soft Toy Dolls,Toys
Departments > Toys > Soft Toys,Toys
Departments > Toys > Vehicles & RC Toys,Toys
Disneyland Paris,Accessories
Disneyland Paris > Disneyland Paris New,Accessories
Disneyland Paris Shop,Homeware
Disney Party > Party Supplies > Party Bags and Gifts > Party Bag Gifts,Accessories
Disney Party > Party Supplies > Party Bags and Gifts > Party Bags,Accessories
Disney Party > Party Supplies > Party Cake Decorating,Homeware
Disney Party > Party Supplies > Party Decorations > Party Balloons,Homeware
Disney Party > Party Supplies > Party Decorations > Party Banners,Homeware
Disney Party > Party Supplies > Party Decorations > Party Scene Setters,Homeware
Disney Party > Party Supplies > Party Games and Activities > Party Entertainment,Accessories
Disney Party > Party Supplies > Party Games and Activities > Party Prizes,Toys
Disney Party > Party Supplies > Party Tableware,Homeware
Disney Party > Party Supplies > Party Tableware > Party Cups,Homeware
Disney Party > Party Supplies > Party Tableware > Party Napkins,Homeware
Disney Party > Party Supplies > Party Tableware > Party Plates,Homeware
Disney Party > Party Supplies > Party Tableware > Party Tablecloths,Homeware
Gift Finder,Homeware
Kids,Home Entertainment
Kids > Copy of Products > Shoes and Accessories for Kids > Wallets & purses for Kids,Accessories
Kids > Copy of Products > Toys for Kids > Die Cast,Toys
Kids > Copy of Products > Toys for Kids > Roleplay,Toys
Marvel > Marvel Homeware,Homeware
Marvel > Marvel Products,Home Entertainment
Marvel > Marvels Avengers > Iron Man,Homeware
New,Accessories
Occasions,Accessories
Occasions > Travel > Summer Shop,Homeware
Personalised Gifts,Baby
Promotions > 20% Off,Home Entertainment
Promotions > Bottles for Â£3.99,Homeware
Promotions > Sale,Accessories
Promotions > Selected DVDs & Blu-Rays from £2.99,Home Entertainment
Promotions > Selected Lines now 25% off,Accessories
Star Wars,Homeware
Star Wars > Chewbacca,Homeware
Star Wars > Kylo Ren,Homeware
Star Wars > Star Wars All Products,Home Entertainment
Star Wars > Star Wars Media,Home Entertainment
Star Wars > Star Wars New,Toys
Departments > Toys > Bath Toys,Toys
Adults > Home > Drinkware,Homeware
Characters > Disney Fairies,Toys
Departments > Toys > Lightsaber,Toys
Characters > Peter Pan > Other Characters Peter Pan,Toys
Departments > Homeware > Drinkware > Glassware,Homeware
Characters > Dumbo,Baby
Characters > Lilo & Stitch > Lilo & Stitch,Homeware
Products > Toys,Toys
Limited Edition,Homeware
Departments > Toys > Outdoor Toys > Bicycles and Accessories,Toys
Holidays > Halloween,Accessories
Departments > Toys > Disney Dolls & Soft Toy Dolls > Animator Dolls,Toys
Characters > Winnie the Pooh and Friends > Winnie the Pooh,Accessories
Departments > Collections > Black Label,Homeware
Disney Party > Party Supplies > Party Tableware > Party Bowls,Homeware
Departments > Toys > Disney Dolls & Soft Toy Dolls > Flutter Dolls,Toys
Characters > Disney Fairies > Tinker Bell,Toys
Disney Party > Party Supplies > Party Tableware > Party Cutlery,Homeware
Departments > Collections > Gold Label,Homeware
Departments > Collections > The Walt Disney Ornament Collection,Home Entertainment
Characters > Disney Princess > Disney Princess Fancy Dress,Accessories
Departments > Collections > Pop Figurines,Toys
"Departments > Pins, Art & Collectibles > Snow Globes",Homeware
Characters > Disney Heritage,Toys
Characters > Pinocchio > Pinocchio,Toys
Departments > Homeware > Bedroom > Wall Murals & Stickers,Homeware
Characters > Sofia The First > Sofia,Accessories
Disney Party > Party Supplies,Homeware
Characters > Zootropolis,Homeware
Departments > Shoes & Accessories > Scarves & Gloves,Homeware
"Departments > Pins, Art & Collectibles",Homeware
Promotions > Selected Figure Sets now £10,Toys
Marvel > Marvel Clothing,Tops
Kids > Copy of Products > Shoes and Accessories for Kids > Bags & Handbags for Kids,Accessories
Marvel > Marvel Accessories,Accessories
Characters > Frozen > Frozen Toys,Toys
Disneyland Paris > Pre-visit,Home Entertainment
Adults > Home > Drinkware > Mugs,Homeware
Characters > Disney Princess > Tangled (Rapunzel) > Rapunzel,Toys
"Departments > Pins, Art & Collectibles > Disney Figurines > Jim Shore",Homeware
Star Wars > BB-8,Home Entertainment
"Characters > Lion King, The > Lion King, The",Adults
Characters > Lion King,Adults
Characters > Moana,Toys
Disney Party,Homeware
Departments > Collections > MXYZ,Accessories
Kids > Copy of Products > Toys for Kids > Playsets,Toys
Disney Party > Party Supplies > Party Decorations > Party Confetti,Homeware
Kids > Copy of Products > Toys for Kids > Action Figures,Toys
Departments > Homeware > Home Accessories,Homeware
"Departments > Pins, Art & Collectibles > Disney Figurines",Homeware
Characters > Disney Princess > Sleeping Beauty,Toys
"Departments > Pins, Art & Collectibles > Vinylmation",Toys
Kids > Copy of Products > Kids Costumes for Carnival > Costumes for Kids,Costumes
Christmas Shop,Homeware
Star Wars > C-3P0,Home Entertainment
Departments > Homeware > Christmas > Sacks and Stockings,Homeware
Characters > Inside Out > Joy,Home Entertainment
"Departments > Pins, Art & Collectibles > Pins",Accessories
Characters > Disney Junior,Homeware
Departments > Toys > Outdoor Toys > Scooters,Toys
Departments > Dropship,Homeware
"Departments > Pins, Art & Collectibles > Art",Homeware
Characters > Disney Princess > Beauty and the Beast > Other Characters Beauty and the Beast,Homeware
Characters > Winnie the Pooh and Friends > Piglet,Home Entertainment
Characters > Frozen > Anna,Home Entertainment
Departments > Shoes & Accessories > Underwear,Accessories
Departments > Toys > Disney Dolls & Soft Toy Dolls > Wardrobe Dolls,Toys
Characters > Alice in Wonderland,Home Entertainment
Departments > Collections > Tsum Tsum > Star Wars Tsum Tsum,Accessories
Marvel > Marvel Costumes,Costumes
Characters > Alice in Wonderland > Alice in Wonderland,Toys
Disney Party > Party Supplies > Party Tableware > Party Straws,Homeware
Departments > Pins,Toys